Origin,Destination,FFEPerWeek,Revenue_1
AOLAD,AEJEA,1,2290
AUBNE,AEJEA,82,1730
BEANR,AEJEA,66,1060
BEZEE,AEJEA,86,990
BRSSZ,AEJEA,394,2030
CAMTR,AEJEA,39,2470
CAVAN,AEJEA,91,2120
CLSAI,AEJEA,4,1520
CNSHA,AEJEA,430,1030
CNTAO,AEJEA,323,1130
CNYTN,AEJEA,316,1100
DEBRV,AEJEA,387,990
DEHAM,AEJEA,11,970
ECGYE,AEJEA,32,2040
EGPSD,AEJEA,210,940
ESALG,AEJEA,60,930
ESBCN,AEJEA,34,980
GBFXT,AEJEA,156,930
GHTKD,AEJEA,30,2070
HKHKG,AEJEA,327,1150
INNSA,AEJEA,169,290
ITGIT,AEJEA,410,980
JPYOK,AEJEA,355,2120
KEMBA,AEJEA,83,1420
KRPUS,AEJEA,246,1300
LKCMB,AEJEA,62,290
MAPTM,AEJEA,6,970
MYPKG,AEJEA,43,1010
MYTPP,AEJEA,300,1030
NGAPP,AEJEA,51,2140
NLRTM,AEJEA,355,940
NZAKL,AEJEA,42,1790
OMSLL,AEJEA,29,590
PAMIT,AEJEA,9,2140
PKBQM,AEJEA,7,310
SAJED,AEJEA,48,590
SGSIN,AEJEA,19,1010
TRAMB,AEJEA,60,920
TWKHH,AEJEA,18,1100
USCHS,AEJEA,435,920
USEWR,AEJEA,383,960
USLAX,AEJEA,13,1920
USMIA,AEJEA,114,1910
UYMVD,AEJEA,7,2090
ZADUR,AEJEA,256,1430
AEJEA,AOLAD,212,2370
BEANR,AOLAD,28,1670
BRSSZ,AOLAD,133,3320
CAMTR,AOLAD,24,3160
CLSAI,AOLAD,2,3060
CNSHA,AOLAD,163,3620
CNTAO,AOLAD,46,3760
CNYTN,AOLAD,55,2640
DEBRV,AOLAD,13,1730
EGPSD,AOLAD,31,1690
ESALG,AOLAD,22,1690
ESBCN,AOLAD,3,1780
HKHKG,AOLAD,71,3360
INNSA,AOLAD,100,2440
ITGIT,AOLAD,169,1760
JPYOK,AOLAD,12,5010
KRPUS,AOLAD,7,3140
LKCMB,AOLAD,8,2390
MAPTM,AOLAD,1,1680
MYPKG,AOLAD,9,2410
MYTPP,AOLAD,41,2440
NGAPP,AOLAD,8,510
NLRTM,AOLAD,36,1780
NZAKL,AOLAD,5,3060
OMSLL,AOLAD,3,2100
SAJED,AOLAD,5,2080
SGSIN,AOLAD,23,2400
TRAMB,AOLAD,9,1670
TWKHH,AOLAD,3,2370
USCHS,AOLAD,31,2170
USEWR,AOLAD,18,2110
USLAX,AOLAD,2,2880
USMIA,AOLAD,21,2610
UYMVD,AOLAD,93,3250
ZADUR,AOLAD,53,1190
AEJEA,AUBNE,97,1960
BEANR,AUBNE,6,2710
BEZEE,AUBNE,4,2690
BRSSZ,AUBNE,1,2780
CAVAN,AUBNE,12,4320
CLSAI,AUBNE,57,3910
CNSHA,AUBNE,231,2620
CNTAO,AUBNE,164,2640
CNYTN,AUBNE,126,2260
DEBRV,AUBNE,179,2440
DEHAM,AUBNE,38,2530
ECGYE,AUBNE,7,4040
EGPSD,AUBNE,23,2520
ESALG,AUBNE,17,2590
ESBCN,AUBNE,2,2660
GBFXT,AUBNE,113,2450
HKHKG,AUBNE,270,2270
INNSA,AUBNE,23,2070
ITGIT,AUBNE,151,2480
JPYOK,AUBNE,74,2300
KRPUS,AUBNE,174,2200
LKCMB,AUBNE,6,2120
MYPKG,AUBNE,25,1990
MYTPP,AUBNE,301,2020
NLRTM,AUBNE,259,2520
NZAKL,AUBNE,341,410
PABLB,AUBNE,10,4410
PAMIT,AUBNE,12,4320
PKBQM,AUBNE,19,2120
SAJED,AUBNE,12,2170
SGSIN,AUBNE,84,2140
TRAMB,AUBNE,16,2530
TWKHH,AUBNE,74,2060
USCHS,AUBNE,211,3970
USLAX,AUBNE,83,4010
USMIA,AUBNE,35,4100
UYMVD,AUBNE,22,2580
ZADUR,AUBNE,6,2580
AEJEA,BEANR,12,1640
BEZEE,BEANR,11,1250
BRSSZ,BEANR,111,2020
CAMTR,BEANR,15,1670
CAVAN,BEANR,4,3100
CLSAI,BEANR,12,2680
CNSHA,BEANR,158,3120
CNTAO,BEANR,38,2940
CNYTN,BEANR,167,2940
DEBRV,BEANR,15,410
ECGYE,BEANR,23,2690
EGPSD,BEANR,20,870
ESALG,BEANR,18,780
GBFXT,BEANR,1,620
GHTKD,BEANR,15,1620
HKHKG,BEANR,82,2720
INNSA,BEANR,18,2130
ITGIT,BEANR,50,850
JPYOK,BEANR,40,3510
KEMBA,BEANR,35,2090
KRPUS,BEANR,29,3350
LKCMB,BEANR,50,2120
MAPTM,BEANR,4,840
MYPKG,BEANR,2,2870
MYTPP,BEANR,92,2680
NGAPP,BEANR,276,1410
NLRTM,BEANR,2,1200
NZAKL,BEANR,8,3160
OMSLL,BEANR,5,1370
PABLB,BEANR,3,2950
PAMIT,BEANR,13,1920
PKBQM,BEANR,5,2220
SAJED,BEANR,14,1340
SGSIN,BEANR,2,2800
TRAMB,BEANR,3,850
TWKHH,BEANR,20,2870
USCHS,BEANR,13,1360
USEWR,BEANR,14,1390
USMIA,BEANR,18,1750
UYMVD,BEANR,20,1980
ZADUR,BEANR,133,1940
AEJEA,BEZEE,65,1560
AUBNE,BEZEE,9,3330
BRSSZ,BEZEE,14,1870
CNSHA,BEZEE,193,3070
CNTAO,BEZEE,16,3010
CNYTN,BEZEE,185,3240
ECGYE,BEZEE,6,2570
EGPSD,BEZEE,16,850
GHTKD,BEZEE,1,1760
HKHKG,BEZEE,114,2650
INNSA,BEZEE,38,2040
ITGIT,BEZEE,8,790
JPYOK,BEZEE,12,3350
KEMBA,BEZEE,11,1940
KRPUS,BEZEE,9,3420
LKCMB,BEZEE,88,2060
MYPKG,BEZEE,13,2600
MYTPP,BEZEE,259,2700
NGAPP,BEZEE,1,1440
NZAKL,BEZEE,43,3100
OMSLL,BEZEE,40,1400
PAMIT,BEZEE,4,2150
PKBQM,BEZEE,13,2050
SAJED,BEZEE,62,1380
SGSIN,BEZEE,6,2590
TRAMB,BEZEE,17,790
TWKHH,BEZEE,22,2760
UYMVD,BEZEE,4,2630
AEJEA,BRSSZ,3,2740
AUBNE,BRSSZ,3,3830
BEANR,BRSSZ,72,1840
BEZEE,BRSSZ,10,1720
CNSHA,BRSSZ,477,3970
CNTAO,BRSSZ,114,3650
CNYTN,BRSSZ,99,4050
DEBRV,BRSSZ,19,1780
DEHAM,BRSSZ,7,1810
ECGYE,BRSSZ,10,1570
EGPSD,BRSSZ,4,2070
ESALG,BRSSZ,18,1780
GBFXT,BRSSZ,13,2120
HKHKG,BRSSZ,319,3830
INNSA,BRSSZ,37,2650
ITGIT,BRSSZ,15,1960
JPYOK,BRSSZ,92,3540
KRPUS,BRSSZ,139,3810
LKCMB,BRSSZ,20,2620
MAPTM,BRSSZ,1,1900
MYPKG,BRSSZ,9,3800
MYTPP,BRSSZ,121,3860
NGAPP,BRSSZ,1,3260
NLRTM,BRSSZ,37,1810
NZAKL,BRSSZ,1,3770
OMSLL,BRSSZ,3,2000
PABLB,BRSSZ,16,2820
PAMIT,BRSSZ,30,2380
PKBQM,BRSSZ,2,2820
SAJED,BRSSZ,5,2010
SGSIN,BRSSZ,1,4090
TWKHH,BRSSZ,42,3830
ZADUR,BRSSZ,7,2830
BEANR,CAMTR,11,1640
BRSSZ,CAMTR,3,1860
DEBRV,CAMTR,153,1760
ESALG,CAMTR,3,1970
GBFXT,CAMTR,3,1610
KEMBA,CAMTR,5,3740
LKCMB,CAMTR,3,2910
MAPTM,CAMTR,1,2100
NGAPP,CAMTR,4,2970
NLRTM,CAMTR,129,1640
SAJED,CAMTR,5,2310
UYMVD,CAMTR,27,1760
AEJEA,CAVAN,13,2240
AOLAD,CAVAN,1,3520
AUBNE,CAVAN,30,1760
BEANR,CAVAN,38,2290
CNSHA,CAVAN,346,1710
CNTAO,CAVAN,192,1390
CNYTN,CAVAN,513,1690
DEBRV,CAVAN,10,2290
GBFXT,CAVAN,5,2020
HKHKG,CAVAN,418,1650
INNSA,CAVAN,17,1960
ITGIT,CAVAN,6,2340
JPYOK,CAVAN,116,1960
KEMBA,CAVAN,2,3230
KRPUS,CAVAN,37,1490
LKCMB,CAVAN,13,2010
MYPKG,CAVAN,26,1590
MYTPP,CAVAN,301,1590
NLRTM,CAVAN,31,2120
NZAKL,CAVAN,6,1650
OMSLL,CAVAN,1,2600
PABLB,CAVAN,11,1230
PAMIT,CAVAN,3,660
PKBQM,CAVAN,1,2100
SAJED,CAVAN,2,3700
SGSIN,CAVAN,11,1490
TWKHH,CAVAN,83,1510
ZADUR,CAVAN,2,3370
AEJEA,CLSAI,1,2720
AOLAD,CLSAI,1,2630
AUBNE,CLSAI,4,2730
BEANR,CLSAI,7,2220
BEZEE,CLSAI,2,2250
BRSSZ,CLSAI,1,2470
CNSHA,CLSAI,80,2490
CNTAO,CLSAI,54,2330
CNYTN,CLSAI,15,2590
DEBRV,CLSAI,55,2310
DEHAM,CLSAI,11,2130
ECGYE,CLSAI,9,400
ESALG,CLSAI,33,1750
ESBCN,CLSAI,2,1790
GBFXT,CLSAI,4,2040
HKHKG,CLSAI,126,2380
INNSA,CLSAI,2,2520
ITGIT,CLSAI,27,1790
JPYOK,CLSAI,68,2660
KRPUS,CLSAI,86,2270
MYPKG,CLSAI,2,2290
MYTPP,CLSAI,109,2370
NLRTM,CLSAI,55,2210
NZAKL,CLSAI,1,2820
OMSLL,CLSAI,3,2400
PABLB,CLSAI,23,590
PAMIT,CLSAI,16,850
PKBQM,CLSAI,8,2490
SAJED,CLSAI,3,2220
TWKHH,CLSAI,13,2310
USCHS,CLSAI,36,2190
USEWR,CLSAI,38,2040
USLAX,CLSAI,18,850
USMIA,CLSAI,82,1270
ZADUR,CLSAI,2,2950
AEJEA,CNSHA,9,650
AOLAD,CNSHA,7,1430
AUBNE,CNSHA,46,1050
BEANR,CNSHA,15,850
BEZEE,CNSHA,7,720
BRSSZ,CNSHA,31,1620
CAVAN,CNSHA,109,1020
CLSAI,CNSHA,34,1690
DEBRV,CNSHA,217,750
DEHAM,CNSHA,55,710
ECGYE,CNSHA,10,1950
EGPSD,CNSHA,18,580
ESALG,CNSHA,29,580
ESBCN,CNSHA,1,630
GBFXT,CNSHA,12,870
GHTKD,CNSHA,62,1390
HKHKG,CNSHA,49,320
INNSA,CNSHA,15,480
ITGIT,CNSHA,90,600
JPYOK,CNSHA,3,490
KEMBA,CNSHA,15,1250
KRPUS,CNSHA,1,330
LKCMB,CNSHA,16,520
MYPKG,CNSHA,2,480
MYTPP,CNSHA,31,350
NGAPP,CNSHA,110,1360
NLRTM,CNSHA,272,740
NZAKL,CNSHA,34,1120
OMSLL,CNSHA,1,410
PABLB,CNSHA,20,940
PAMIT,CNSHA,40,940
SAJED,CNSHA,15,450
SGSIN,CNSHA,21,350
TRAMB,CNSHA,2,580
USCHS,CNSHA,196,1340
USEWR,CNSHA,143,1240
USLAX,CNSHA,307,990
USMIA,CNSHA,10,1880
UYMVD,CNSHA,38,1630
ZADUR,CNSHA,131,1230
AEJEA,CNTAO,30,710
AUBNE,CNTAO,72,1190
BEANR,CNTAO,13,860
BEZEE,CNTAO,3,890
BRSSZ,CNTAO,6,1200
CAVAN,CNTAO,113,1100
CLSAI,CNTAO,28,2150
DEBRV,CNTAO,411,820
DEHAM,CNTAO,6,860
ECGYE,CNTAO,46,2440
EGPSD,CNTAO,43,750
ESALG,CNTAO,14,740
ESBCN,CNTAO,1,630
GBFXT,CNTAO,52,920
GHTKD,CNTAO,30,1370
INNSA,CNTAO,13,540
ITGIT,CNTAO,50,690
KEMBA,CNTAO,14,1400
LKCMB,CNTAO,5,530
MAPTM,CNTAO,1,760
MYPKG,CNTAO,1,400
MYTPP,CNTAO,17,450
NGAPP,CNTAO,15,1330
NLRTM,CNTAO,244,800
NZAKL,CNTAO,54,1270
OMSLL,CNTAO,35,470
PABLB,CNTAO,50,1530
PAMIT,CNTAO,8,1040
SAJED,CNTAO,17,460
SGSIN,CNTAO,25,370
TRAMB,CNTAO,6,650
USCHS,CNTAO,27,1460
USEWR,CNTAO,20,1370
USLAX,CNTAO,354,1070
USMIA,CNTAO,7,1450
UYMVD,CNTAO,27,1000
ZADUR,CNTAO,174,1380
AEJEA,CNYTN,19,620
AOLAD,CNYTN,4,1610
AUBNE,CNYTN,4,1350
BEZEE,CNYTN,2,930
BRSSZ,CNYTN,3,2000
CAVAN,CNYTN,71,1110
CLSAI,CNYTN,6,1730
CNSHA,CNYTN,2,740
DEBRV,CNYTN,43,900
DEHAM,CNYTN,3,1090
ECGYE,CNYTN,3,3540
ESALG,CNYTN,18,760
ESBCN,CNYTN,5,750
GBFXT,CNYTN,37,890
GHTKD,CNYTN,3,1440
HKHKG,CNYTN,136,740
INNSA,CNYTN,4,410
ITGIT,CNYTN,12,780
JPYOK,CNYTN,21,860
KEMBA,CNYTN,1,1030
KRPUS,CNYTN,1,1210
LKCMB,CNYTN,2,510
MYTPP,CNYTN,95,320
NGAPP,CNYTN,16,1660
NLRTM,CNYTN,60,880
NZAKL,CNYTN,49,1150
OMSLL,CNYTN,2,760
PABLB,CNYTN,5,3510
PAMIT,CNYTN,9,1050
PKBQM,CNYTN,6,410
SGSIN,CNYTN,29,330
TWKHH,CNYTN,78,610
USCHS,CNYTN,90,1390
USEWR,CNYTN,7,1430
USLAX,CNYTN,67,1010
UYMVD,CNYTN,1,1830
ZADUR,CNYTN,17,970
AEJEA,DEBRV,70,1700
AOLAD,DEBRV,9,1610
AUBNE,DEBRV,41,3250
BEANR,DEBRV,22,600
BEZEE,DEBRV,1,420
BRSSZ,DEBRV,881,1930
CAMTR,DEBRV,220,1690
CAVAN,DEBRV,36,2200
CLSAI,DEBRV,135,2770
CNSHA,DEBRV,1.86,3070
CNTAO,DEBRV,840,2970
CNYTN,DEBRV,922,2760
ECGYE,DEBRV,759,2750
EGPSD,DEBRV,47,820
ESALG,DEBRV,159,810
ESBCN,DEBRV,95,980
GBFXT,DEBRV,14,580
GHTKD,DEBRV,23,1560
HKHKG,DEBRV,819,2730
INNSA,DEBRV,145,2220
ITGIT,DEBRV,207,790
JPYOK,DEBRV,157,3230
KEMBA,DEBRV,91,1920
KRPUS,DEBRV,1.605,3390
LKCMB,DEBRV,205,2170
MAPTM,DEBRV,22,800
MYPKG,DEBRV,140,2660
MYTPP,DEBRV,1.041,2670
NGAPP,DEBRV,57,1460
NLRTM,DEBRV,138,390
NZAKL,DEBRV,34,3300
PABLB,DEBRV,10,2940
PAMIT,DEBRV,105,1830
PKBQM,DEBRV,90,2170
SAJED,DEBRV,20,1370
SGSIN,DEBRV,34,2650
TRAMB,DEBRV,96,840
TWKHH,DEBRV,164,2610
USCHS,DEBRV,539,1250
USEWR,DEBRV,162,1310
USLAX,DEBRV,2,2410
USMIA,DEBRV,175,1700
UYMVD,DEBRV,364,1990
ZADUR,DEBRV,251,2030
AEJEA,DEHAM,2,1740
AUBNE,DEHAM,7,3200
BRSSZ,DEHAM,6,1970
CLSAI,DEHAM,3,2560
CNSHA,DEHAM,202,3140
CNTAO,DEHAM,60,2960
CNYTN,DEHAM,115,2830
ECGYE,DEHAM,3,2550
EGPSD,DEHAM,4,980
ESALG,DEHAM,10,830
GHTKD,DEHAM,8,1600
HKHKG,DEHAM,109,2790
INNSA,DEHAM,16,2050
ITGIT,DEHAM,5,980
JPYOK,DEHAM,43,3270
KEMBA,DEHAM,1,1970
KRPUS,DEHAM,25,3470
LKCMB,DEHAM,34,2220
MYPKG,DEHAM,3,2720
MYTPP,DEHAM,117,2670
NGAPP,DEHAM,2,1350
NZAKL,DEHAM,26,3310
PAMIT,DEHAM,9,2060
PKBQM,DEHAM,6,2220
SAJED,DEHAM,1,1410
SGSIN,DEHAM,5,2710
TWKHH,DEHAM,45,2670
USCHS,DEHAM,1,1280
USEWR,DEHAM,2,1210
USMIA,DEHAM,6,1740
UYMVD,DEHAM,5,1840
ZADUR,DEHAM,7,2070
AUBNE,ECGYE,1,2750
BEANR,ECGYE,1,2480
BRSSZ,ECGYE,2,1690
CLSAI,ECGYE,2,410
CNSHA,ECGYE,46,2490
CNTAO,ECGYE,31,2270
DEBRV,ECGYE,19,2190
DEHAM,ECGYE,2,2200
ESALG,ECGYE,8,1740
GBFXT,ECGYE,14,2310
GHTKD,ECGYE,3,2940
HKHKG,ECGYE,58,2500
INNSA,ECGYE,5,2550
ITGIT,ECGYE,4,1980
JPYOK,ECGYE,3,2540
KRPUS,ECGYE,19,2270
LKCMB,ECGYE,7,2460
MYTPP,ECGYE,17,2490
NLRTM,ECGYE,18,2190
NZAKL,ECGYE,2,2950
OMSLL,ECGYE,6,2310
PABLB,ECGYE,68,840
PAMIT,ECGYE,45,820
PKBQM,ECGYE,1,2630
SAJED,ECGYE,11,2500
SGSIN,ECGYE,1,2350
TWKHH,ECGYE,9,2430
USCHS,ECGYE,42,2090
USEWR,ECGYE,10,2090
USLAX,ECGYE,16,860
USMIA,ECGYE,38,1250
ZADUR,ECGYE,1,3320
AEJEA,EGPSD,122,1590
AUBNE,EGPSD,14,3280
BEANR,EGPSD,1,800
BEZEE,EGPSD,5,900
BRSSZ,EGPSD,123,1790
CAMTR,EGPSD,23,1620
CLSAI,EGPSD,11,2250
CNSHA,EGPSD,162,2830
CNTAO,EGPSD,88,3450
CNYTN,EGPSD,173,2930
DEBRV,EGPSD,323,840
DEHAM,EGPSD,22,840
ESALG,EGPSD,28,420
ESBCN,EGPSD,3,590
GBFXT,EGPSD,54,790
GHTKD,EGPSD,3,2510
HKHKG,EGPSD,188,2770
INNSA,EGPSD,132,2050
ITGIT,EGPSD,98,400
JPYOK,EGPSD,153,3370
KEMBA,EGPSD,32,2030
KRPUS,EGPSD,281,3420
LKCMB,EGPSD,106,2130
MAPTM,EGPSD,19,480
MYPKG,EGPSD,29,2770
MYTPP,EGPSD,228,2610
NGAPP,EGPSD,23,2150
NLRTM,EGPSD,211,840
NZAKL,EGPSD,16,3260
OMSLL,EGPSD,43,1010
PAMIT,EGPSD,1,1810
PKBQM,EGPSD,13,2080
SAJED,EGPSD,47,1020
SGSIN,EGPSD,13,2800
TRAMB,EGPSD,8,420
TWKHH,EGPSD,86,2650
USCHS,EGPSD,98,1630
USEWR,EGPSD,17,1730
USLAX,EGPSD,1,2240
USMIA,EGPSD,201,1830
UYMVD,EGPSD,50,1830
ZADUR,EGPSD,9,2080
AEJEA,ESALG,75,1440
AOLAD,ESALG,19,2300
AUBNE,ESALG,7,3350
BEANR,ESALG,22,820
BEZEE,ESALG,7,960
BRSSZ,ESALG,113,1850
CAMTR,ESALG,3,1660
CAVAN,ESALG,2,2960
CLSAI,ESALG,54,2300
CNSHA,ESALG,541,2790
CNTAO,ESALG,281,3150
CNYTN,ESALG,426,2730
DEBRV,ESALG,150,780
DEHAM,ESALG,5,1060
ECGYE,ESALG,118,2290
EGPSD,ESALG,30,400
ESBCN,ESALG,9,620
GBFXT,ESALG,32,1020
GHTKD,ESALG,27,1760
HKHKG,ESALG,203,2820
INNSA,ESALG,62,2040
ITGIT,ESALG,75,410
JPYOK,ESALG,51,3400
KEMBA,ESALG,7,2060
KRPUS,ESALG,54,3500
LKCMB,ESALG,61,1980
MAPTM,ESALG,9,680
MYPKG,ESALG,7,2740
MYTPP,ESALG,231,2670
NGAPP,ESALG,48,1970
NLRTM,ESALG,104,780
NZAKL,ESALG,22,3380
OMSLL,ESALG,21,930
PABLB,ESALG,2,2120
PAMIT,ESALG,54,1730
PKBQM,ESALG,27,2160
SAJED,ESALG,91,950
SGSIN,ESALG,12,2770
TRAMB,ESALG,2,420
TWKHH,ESALG,51,2710
USCHS,ESALG,44,1640
USEWR,ESALG,12,1530
USMIA,ESALG,34,1790
UYMVD,ESALG,93,1740
ZADUR,ESALG,61,2110
AEJEA,ESBCN,6,1550
AUBNE,ESBCN,1,3430
BRSSZ,ESBCN,4,1710
CLSAI,ESBCN,10,2130
CNSHA,ESBCN,222,2810
CNTAO,ESBCN,68,3440
CNYTN,ESBCN,202,2800
ECGYE,ESBCN,6,2120
EGPSD,ESBCN,8,410
HKHKG,ESBCN,130,2880
INNSA,ESBCN,9,1980
ITGIT,ESBCN,4,630
JPYOK,ESBCN,80,3310
KEMBA,ESBCN,1,2020
KRPUS,ESBCN,39,3320
LKCMB,ESBCN,12,2020
MAPTM,ESBCN,1,490
MYPKG,ESBCN,5,2830
MYTPP,ESBCN,120,2730
NGAPP,ESBCN,6,2090
NZAKL,ESBCN,1,3550
OMSLL,ESBCN,2,960
PAMIT,ESBCN,5,1770
PKBQM,ESBCN,5,2000
SAJED,ESBCN,2,970
SGSIN,ESBCN,1,2620
TRAMB,ESBCN,1,390
TWKHH,ESBCN,23,2770
USCHS,ESBCN,30,1580
USMIA,ESBCN,2,1840
UYMVD,ESBCN,1,1920
ZADUR,ESBCN,15,1950
AEJEA,GBFXT,79,1580
AUBNE,GBFXT,52,3220
BRSSZ,GBFXT,145,1980
CAMTR,GBFXT,2,1680
CLSAI,GBFXT,78,2000
CNSHA,GBFXT,485,3170
CNTAO,GBFXT,119,2980
CNYTN,GBFXT,710,3050
DEBRV,GBFXT,14,600
ECGYE,GBFXT,60,1940
EGPSD,GBFXT,105,810
ESALG,GBFXT,2,1210
GHTKD,GBFXT,9,2390
HKHKG,GBFXT,289,2910
INNSA,GBFXT,115,1890
ITGIT,GBFXT,208,820
JPYOK,GBFXT,33,3220
KEMBA,GBFXT,25,2090
KRPUS,GBFXT,49,3990
LKCMB,GBFXT,242,1930
MAPTM,GBFXT,6,850
MYPKG,GBFXT,38,2830
MYTPP,GBFXT,435,2720
NGAPP,GBFXT,12,1970
NLRTM,GBFXT,6,840
NZAKL,GBFXT,35,3170
OMSLL,GBFXT,12,1360
PABLB,GBFXT,1,2060
PAMIT,GBFXT,142,1450
PKBQM,GBFXT,31,2060
SAJED,GBFXT,43,1440
SGSIN,GBFXT,16,2690
TRAMB,GBFXT,29,840
TWKHH,GBFXT,44,2830
USCHS,GBFXT,126,1300
USEWR,GBFXT,38,1310
USLAX,GBFXT,1,2820
USMIA,GBFXT,51,1290
UYMVD,GBFXT,24,1950
ZADUR,GBFXT,313,1960
AEJEA,GHTKD,192,2470
AUBNE,GHTKD,6,4050
BEANR,GHTKD,69,1900
BRSSZ,GHTKD,40,3410
CAMTR,GHTKD,19,3210
CNSHA,GHTKD,281,3650
CNTAO,GHTKD,123,3950
CNYTN,GHTKD,156,3640
DEBRV,GHTKD,96,1870
DEHAM,GHTKD,2,2100
EGPSD,GHTKD,86,1820
ESALG,GHTKD,63,1750
ESBCN,GHTKD,10,1880
GBFXT,GHTKD,17,1770
HKHKG,GHTKD,220,3410
INNSA,GHTKD,97,2500
ITGIT,GHTKD,131,1860
JPYOK,GHTKD,11,5180
KRPUS,GHTKD,21,3330
LKCMB,GHTKD,19,2600
MAPTM,GHTKD,10,1870
MYPKG,GHTKD,44,2670
MYTPP,GHTKD,129,2580
NGAPP,GHTKD,17,910
NLRTM,GHTKD,178,1910
NZAKL,GHTKD,2,3410
OMSLL,GHTKD,1,2460
PAMIT,GHTKD,1,2900
PKBQM,GHTKD,17,2540
SAJED,GHTKD,23,2060
SGSIN,GHTKD,20,2560
TRAMB,GHTKD,13,2040
TWKHH,GHTKD,3,2580
USCHS,GHTKD,52,2170
USEWR,GHTKD,88,2180
USLAX,GHTKD,6,3340
USMIA,GHTKD,25,2720
UYMVD,GHTKD,8,3400
ZADUR,GHTKD,25,1570
AEJEA,HKHKG,138,600
AOLAD,HKHKG,10,1600
AUBNE,HKHKG,145,1180
BEANR,HKHKG,47,910
BEZEE,HKHKG,17,880
BRSSZ,HKHKG,106,2810
CAVAN,HKHKG,157,1180
CLSAI,HKHKG,36,1700
CNYTN,HKHKG,95,490
DEBRV,HKHKG,313,940
DEHAM,HKHKG,19,920
ECGYE,HKHKG,37,1710
EGPSD,HKHKG,54,810
ESALG,HKHKG,41,800
ESBCN,HKHKG,26,920
GBFXT,HKHKG,165,980
GHTKD,HKHKG,40,1500
INNSA,HKHKG,26,450
ITGIT,HKHKG,136,820
JPYOK,HKHKG,25,900
KEMBA,HKHKG,43,1220
KRPUS,HKHKG,49,670
LKCMB,HKHKG,23,450
MAPTM,HKHKG,6,1010
MYTPP,HKHKG,267,330
NGAPP,HKHKG,43,1470
NLRTM,HKHKG,769,880
NZAKL,HKHKG,74,1180
OMSLL,HKHKG,12,740
PABLB,HKHKG,48,1180
PAMIT,HKHKG,35,1170
PKBQM,HKHKG,15,440
SAJED,HKHKG,21,760
SGSIN,HKHKG,47,310
TRAMB,HKHKG,29,830
TWKHH,HKHKG,27,310
USCHS,HKHKG,113,1460
USEWR,HKHKG,136,1460
USLAX,HKHKG,346,1050
USMIA,HKHKG,32,1550
UYMVD,HKHKG,43,1850
ZADUR,HKHKG,293,1030
AEJEA,INNSA,158,470
AUBNE,INNSA,15,1650
BEANR,INNSA,41,1440
BEZEE,INNSA,55,1370
BRSSZ,INNSA,6,2340
CAMTR,INNSA,59,2620
CAVAN,INNSA,14,1800
CNSHA,INNSA,124,1280
CNTAO,INNSA,41,1300
CNYTN,INNSA,77,1260
DEBRV,INNSA,538,1450
DEHAM,INNSA,9,1440
ECGYE,INNSA,9,1340
EGPSD,INNSA,20,1310
ESALG,INNSA,18,1310
ESBCN,INNSA,10,1320
GBFXT,INNSA,184,1560
GHTKD,INNSA,97,2100
HKHKG,INNSA,52,1370
ITGIT,INNSA,117,1310
JPYOK,INNSA,31,2080
KEMBA,INNSA,28,1180
KRPUS,INNSA,322,1540
LKCMB,INNSA,7,420
MAPTM,INNSA,5,1420
MYPKG,INNSA,1,1110
MYTPP,INNSA,34,1060
NGAPP,INNSA,88,2010
NLRTM,INNSA,127,1420
NZAKL,INNSA,10,1630
OMSLL,INNSA,28,610
PABLB,INNSA,50,1810
PAMIT,INNSA,22,1790
SAJED,INNSA,58,590
SGSIN,INNSA,13,1050
TRAMB,INNSA,2,1720
TWKHH,INNSA,14,1060
USCHS,INNSA,111,1590
USEWR,INNSA,254,1630
USLAX,INNSA,20,1700
USMIA,INNSA,69,2210
UYMVD,INNSA,3,2210
ZADUR,INNSA,93,1250
AEJEA,ITGIT,231,1500
AOLAD,ITGIT,6,2280
AUBNE,ITGIT,22,3270
BEANR,ITGIT,75,800
BEZEE,ITGIT,9,840
BRSSZ,ITGIT,285,1750
CAMTR,ITGIT,6,1820
CAVAN,ITGIT,30,2380
CLSAI,ITGIT,37,2240
CNSHA,ITGIT,704,2860
CNTAO,ITGIT,400,3210
CNYTN,ITGIT,531,2700
DEBRV,ITGIT,211,800
DEHAM,ITGIT,11,970
ECGYE,ITGIT,63,2180
EGPSD,ITGIT,51,410
ESALG,ITGIT,91,410
ESBCN,ITGIT,14,530
GBFXT,ITGIT,54,1000
GHTKD,ITGIT,81,1920
HKHKG,ITGIT,434,2750
INNSA,ITGIT,222,2000
JPYOK,ITGIT,181,3360
KEMBA,ITGIT,21,2060
KRPUS,ITGIT,195,3320
LKCMB,ITGIT,197,2020
MAPTM,ITGIT,7,610
MYPKG,ITGIT,36,2600
MYTPP,ITGIT,517,2730
NGAPP,ITGIT,86,1780
NLRTM,ITGIT,126,780
NZAKL,ITGIT,18,3210
OMSLL,ITGIT,49,1060
PAMIT,ITGIT,9,1940
PKBQM,ITGIT,116,1980
SAJED,ITGIT,80,960
SGSIN,ITGIT,30,2720
TRAMB,ITGIT,21,600
TWKHH,ITGIT,171,2730
USCHS,ITGIT,176,1450
USEWR,ITGIT,46,1680
USLAX,ITGIT,7,2520
USMIA,ITGIT,120,1670
UYMVD,ITGIT,71,1780
ZADUR,ITGIT,100,1990
AEJEA,JPYOK,6,1720
AOLAD,JPYOK,5,2690
AUBNE,JPYOK,246,1770
BEANR,JPYOK,22,1610
BRSSZ,JPYOK,52,2560
CAVAN,JPYOK,468,1310
CLSAI,JPYOK,60,1780
CNSHA,JPYOK,9,1100
CNTAO,JPYOK,13,530
CNYTN,JPYOK,12,1240
DEBRV,JPYOK,555,1530
DEHAM,JPYOK,28,1470
ECGYE,JPYOK,64,1790
EGPSD,JPYOK,3,1550
ESALG,JPYOK,82,1540
ESBCN,JPYOK,5,1560
GBFXT,JPYOK,11,1410
GHTKD,JPYOK,21,2590
HKHKG,JPYOK,60,1500
INNSA,JPYOK,8,1460
ITGIT,JPYOK,86,1550
KEMBA,JPYOK,13,1790
KRPUS,JPYOK,16,890
LKCMB,JPYOK,45,1540
MAPTM,JPYOK,3,1690
MYPKG,JPYOK,3,1290
MYTPP,JPYOK,620,1310
NGAPP,JPYOK,16,2510
NLRTM,JPYOK,664,1530
NZAKL,JPYOK,66,1690
OMSLL,JPYOK,5,3480
PABLB,JPYOK,65,1690
PAMIT,JPYOK,29,1180
SAJED,JPYOK,1,2890
SGSIN,JPYOK,83,1310
TRAMB,JPYOK,8,1540
TWKHH,JPYOK,6,1300
USCHS,JPYOK,53,1700
USEWR,JPYOK,16,1680
USLAX,JPYOK,426,1300
USMIA,JPYOK,38,1490
UYMVD,JPYOK,16,2610
ZADUR,JPYOK,104,1740
AEJEA,KEMBA,229,1640
AUBNE,KEMBA,2,2840
BEANR,KEMBA,18,2380
BEZEE,KEMBA,89,2360
BRSSZ,KEMBA,10,2320
CAVAN,KEMBA,6,4120
CNSHA,KEMBA,165,2530
CNTAO,KEMBA,78,2400
CNYTN,KEMBA,101,1910
DEBRV,KEMBA,64,2530
DEHAM,KEMBA,15,2440
EGPSD,KEMBA,78,2410
ESALG,KEMBA,12,2500
ESBCN,KEMBA,6,2430
GBFXT,KEMBA,81,2450
HKHKG,KEMBA,102,2450
INNSA,KEMBA,102,1630
ITGIT,KEMBA,55,2340
JPYOK,KEMBA,89,3550
KRPUS,KEMBA,35,2320
LKCMB,KEMBA,60,1560
MAPTM,KEMBA,2,2550
MYPKG,KEMBA,4,1760
MYTPP,KEMBA,71,1770
NGAPP,KEMBA,6,1850
NLRTM,KEMBA,92,2540
NZAKL,KEMBA,1,2340
OMSLL,KEMBA,46,1250
PKBQM,KEMBA,62,1580
SAJED,KEMBA,50,1190
SGSIN,KEMBA,16,1770
TRAMB,KEMBA,13,2430
TWKHH,KEMBA,10,1770
USCHS,KEMBA,66,3410
USEWR,KEMBA,42,3490
USLAX,KEMBA,6,3700
USMIA,KEMBA,19,3530
UYMVD,KEMBA,6,2410
ZADUR,KEMBA,5,430
AEJEA,KRPUS,8,800
AOLAD,KRPUS,1,2620
AUBNE,KRPUS,145,1730
BEANR,KRPUS,12,1020
BEZEE,KRPUS,2,1060
BRSSZ,KRPUS,62,1700
CAVAN,KRPUS,397,1190
CLSAI,KRPUS,7,2620
CNSHA,KRPUS,3,460
CNTAO,KRPUS,9,480
CNYTN,KRPUS,10,620
DEBRV,KRPUS,189,1030
DEHAM,KRPUS,17,1100
ECGYE,KRPUS,27,2650
EGPSD,KRPUS,8,1070
ESALG,KRPUS,18,980
ESBCN,KRPUS,16,1060
GBFXT,KRPUS,63,1430
GHTKD,KRPUS,8,1420
HKHKG,KRPUS,50,210
INNSA,KRPUS,8,560
ITGIT,KRPUS,51,1020
JPYOK,KRPUS,59,750
KEMBA,KRPUS,9,1030
LKCMB,KRPUS,18,540
MAPTM,KRPUS,2,1070
MYTPP,KRPUS,45,450
NGAPP,KRPUS,13,1350
NLRTM,KRPUS,357,1030
NZAKL,KRPUS,42,1860
OMSLL,KRPUS,1,500
PABLB,KRPUS,53,1210
PAMIT,KRPUS,28,1140
SAJED,KRPUS,5,470
SGSIN,KRPUS,43,450
TRAMB,KRPUS,2,1070
TWKHH,KRPUS,10,480
USCHS,KRPUS,56,1730
USEWR,KRPUS,17,1700
USLAX,KRPUS,396,1150
USMIA,KRPUS,9,1450
UYMVD,KRPUS,27,1600
ZADUR,KRPUS,122,1050
AEJEA,LKCMB,278,470
AUBNE,LKCMB,12,1610
BEANR,LKCMB,31,1430
BEZEE,LKCMB,35,1380
BRSSZ,LKCMB,2,2240
CAMTR,LKCMB,21,2800
CAVAN,LKCMB,8,2000
CNSHA,LKCMB,212,1250
CNTAO,LKCMB,98,1330
CNYTN,LKCMB,59,1340
DEBRV,LKCMB,231,1480
DEHAM,LKCMB,13,1390
EGPSD,LKCMB,22,1320
ESALG,LKCMB,14,1410
ESBCN,LKCMB,1,1440
GBFXT,LKCMB,80,1550
GHTKD,LKCMB,78,2110
HKHKG,LKCMB,105,1390
INNSA,LKCMB,39,410
ITGIT,LKCMB,87,1420
JPYOK,LKCMB,38,2180
KEMBA,LKCMB,60,1220
KRPUS,LKCMB,206,1500
MAPTM,LKCMB,3,1440
MYPKG,LKCMB,3,1030
MYTPP,LKCMB,207,1090
NGAPP,LKCMB,153,1980
NLRTM,LKCMB,140,1440
NZAKL,LKCMB,33,1590
OMSLL,LKCMB,32,580
PABLB,LKCMB,3,1830
PAMIT,LKCMB,10,1820
PKBQM,LKCMB,22,620
SAJED,LKCMB,43,610
SGSIN,LKCMB,38,1090
TRAMB,LKCMB,10,1380
TWKHH,LKCMB,34,1060
USCHS,LKCMB,107,1560
USEWR,LKCMB,201,1640
USLAX,LKCMB,1,2030
USMIA,LKCMB,17,2130
ZADUR,LKCMB,45,1250
AEJEA,MAPTM,106,1570
BEANR,MAPTM,2,940
BEZEE,MAPTM,3,870
BRSSZ,MAPTM,14,1870
CAMTR,MAPTM,2,1650
CAVAN,MAPTM,3,2320
CNSHA,MAPTM,133,2730
CNTAO,MAPTM,25,3500
CNYTN,MAPTM,45,2830
DEBRV,MAPTM,106,840
DEHAM,MAPTM,6,850
EGPSD,MAPTM,27,410
ESALG,MAPTM,14,410
GBFXT,MAPTM,14,930
GHTKD,MAPTM,10,2130
HKHKG,MAPTM,23,2900
INNSA,MAPTM,18,2040
ITGIT,MAPTM,42,450
JPYOK,MAPTM,31,3450
KRPUS,MAPTM,21,3570
LKCMB,MAPTM,3,2080
MYPKG,MAPTM,3,2820
MYTPP,MAPTM,28,2730
NGAPP,MAPTM,12,2090
NLRTM,MAPTM,175,840
NZAKL,MAPTM,1,3570
OMSLL,MAPTM,5,1090
PABLB,MAPTM,4,2150
PKBQM,MAPTM,1,2230
SAJED,MAPTM,126,1010
SGSIN,MAPTM,1,2660
TRAMB,MAPTM,5,430
TWKHH,MAPTM,4,2830
USCHS,MAPTM,15,1810
USEWR,MAPTM,18,1600
USMIA,MAPTM,22,1820
UYMVD,MAPTM,1,1790
ZADUR,MAPTM,1,2010
AEJEA,MYPKG,1,310
AOLAD,MYPKG,2,1250
AUBNE,MYPKG,24,1200
BEANR,MYPKG,3,940
CAVAN,MYPKG,6,1420
CNSHA,MYPKG,115,520
CNTAO,MYPKG,14,790
CNYTN,MYPKG,20,410
DEBRV,MYPKG,40,890
DEHAM,MYPKG,76,930
EGPSD,MYPKG,1,950
ESALG,MYPKG,7,860
GBFXT,MYPKG,4,970
HKHKG,MYPKG,12,460
INNSA,MYPKG,4,360
ITGIT,MYPKG,12,890
JPYOK,MYPKG,49,970
KEMBA,MYPKG,4,850
KRPUS,MYPKG,33,830
LKCMB,MYPKG,2,470
MYTPP,MYPKG,124,400
NGAPP,MYPKG,33,1380
NLRTM,MYPKG,79,850
NZAKL,MYPKG,49,1060
PABLB,MYPKG,1,2330
SGSIN,MYPKG,13,390
TWKHH,MYPKG,38,420
USCHS,MYPKG,4,1680
USLAX,MYPKG,24,1460
UYMVD,MYPKG,3,2800
ZADUR,MYPKG,22,840
AEJEA,MYTPP,43,310
AOLAD,MYTPP,5,1320
AUBNE,MYTPP,214,1100
BEANR,MYTPP,16,1050
BEZEE,MYTPP,31,950
BRSSZ,MYTPP,39,2640
CAVAN,MYTPP,85,1450
CLSAI,MYTPP,14,3130
CNSHA,MYTPP,283,530
CNTAO,MYTPP,275,810
CNYTN,MYTPP,172,410
DEBRV,MYTPP,207,910
DEHAM,MYTPP,10,950
ECGYE,MYTPP,10,3190
EGPSD,MYTPP,12,990
ESALG,MYTPP,15,880
ESBCN,MYTPP,3,1110
GBFXT,MYTPP,53,860
GHTKD,MYTPP,109,1310
HKHKG,MYTPP,136,470
INNSA,MYTPP,108,270
ITGIT,MYTPP,99,910
JPYOK,MYTPP,351,1000
KEMBA,MYTPP,35,870
KRPUS,MYTPP,180,850
LKCMB,MYTPP,35,290
MAPTM,MYTPP,1,870
MYPKG,MYTPP,28,400
NGAPP,MYTPP,210,1240
NLRTM,MYTPP,274,790
NZAKL,MYTPP,128,1080
OMSLL,MYTPP,27,660
PABLB,MYTPP,19,1470
PAMIT,MYTPP,33,1440
SAJED,MYTPP,46,670
SGSIN,MYTPP,232,400
TRAMB,MYTPP,19,870
TWKHH,MYTPP,355,390
USCHS,MYTPP,62,1780
USEWR,MYTPP,13,1740
USLAX,MYTPP,227,1350
USMIA,MYTPP,1,1660
UYMVD,MYTPP,10,2770
ZADUR,MYTPP,164,780
AEJEA,NGAPP,359,2480
AUBNE,NGAPP,11,3160
BEANR,NGAPP,251,1710
BEZEE,NGAPP,4,1810
BRSSZ,NGAPP,103,3150
CAMTR,NGAPP,38,3200
CLSAI,NGAPP,5,2870
CNSHA,NGAPP,753,3550
CNTAO,NGAPP,383,3670
CNYTN,NGAPP,272,2880
DEBRV,NGAPP,195,1730
DEHAM,NGAPP,18,1650
ECGYE,NGAPP,5,3270
EGPSD,NGAPP,147,1700
ESALG,NGAPP,169,1740
ESBCN,NGAPP,18,1720
GBFXT,NGAPP,61,1690
GHTKD,NGAPP,10,900
HKHKG,NGAPP,488,2720
INNSA,NGAPP,226,2410
ITGIT,NGAPP,286,1770
JPYOK,NGAPP,68,4970
KEMBA,NGAPP,14,1180
KRPUS,NGAPP,277,3100
LKCMB,NGAPP,74,2400
MAPTM,NGAPP,36,1700
MYPKG,NGAPP,122,2460
MYTPP,NGAPP,414,2420
NLRTM,NGAPP,214,1660
NZAKL,NGAPP,28,3050
OMSLL,NGAPP,14,1960
PAMIT,NGAPP,2,3110
PKBQM,NGAPP,27,2520
SAJED,NGAPP,76,2000
SGSIN,NGAPP,87,2450
TRAMB,NGAPP,20,1730
TWKHH,NGAPP,39,2420
USCHS,NGAPP,101,2160
USEWR,NGAPP,103,2180
USLAX,NGAPP,15,2870
USMIA,NGAPP,98,2680
UYMVD,NGAPP,59,3210
ZADUR,NGAPP,87,1200
AEJEA,NLRTM,84,1640
AOLAD,NLRTM,1,1540
AUBNE,NLRTM,32,3190
BRSSZ,NLRTM,297,1920
CAMTR,NLRTM,67,1780
CAVAN,NLRTM,1,2840
CLSAI,NLRTM,114,2050
CNSHA,NLRTM,1.052,2960
CNTAO,NLRTM,402,2980
CNYTN,NLRTM,1.347,2840
DEBRV,NLRTM,40,420
ECGYE,NLRTM,277,2710
EGPSD,NLRTM,33,860
ESALG,NLRTM,69,860
ESBCN,NLRTM,1,970
GHTKD,NLRTM,25,1540
HKHKG,NLRTM,782,2690
INNSA,NLRTM,129,2000
ITGIT,NLRTM,68,790
JPYOK,NLRTM,882,3190
KEMBA,NLRTM,67,1990
KRPUS,NLRTM,92,3410
LKCMB,NLRTM,237,2000
MAPTM,NLRTM,18,870
MYPKG,NLRTM,32,2770
MYTPP,NLRTM,762,2660
NGAPP,NLRTM,57,1470
NZAKL,NLRTM,49,3220
OMSLL,NLRTM,4,1560
PABLB,NLRTM,1,3020
PAMIT,NLRTM,289,1670
PKBQM,NLRTM,42,1970
SAJED,NLRTM,17,1400
SGSIN,NLRTM,57,2740
TRAMB,NLRTM,36,850
TWKHH,NLRTM,141,2770
USCHS,NLRTM,516,1220
USEWR,NLRTM,77,1240
USLAX,NLRTM,1,2360
USMIA,NLRTM,227,1680
UYMVD,NLRTM,125,1910
ZADUR,NLRTM,328,2020
AEJEA,NZAKL,46,2010
AUBNE,NZAKL,391,390
BEANR,NZAKL,12,2600
BEZEE,NZAKL,6,2350
CAVAN,NZAKL,2,4190
CLSAI,NZAKL,10,3920
CNSHA,NZAKL,69,2560
CNTAO,NZAKL,30,2560
CNYTN,NZAKL,110,2270
DEBRV,NZAKL,59,2430
DEHAM,NZAKL,10,2410
ECGYE,NZAKL,30,3910
EGPSD,NZAKL,4,2500
ESALG,NZAKL,10,2400
ESBCN,NZAKL,5,2550
GBFXT,NZAKL,56,2550
HKHKG,NZAKL,54,2320
INNSA,NZAKL,4,2020
ITGIT,NZAKL,43,2440
JPYOK,NZAKL,63,2230
KEMBA,NZAKL,1,2600
KRPUS,NZAKL,15,2160
LKCMB,NZAKL,1,2010
MYPKG,NZAKL,15,1950
MYTPP,NZAKL,70,2070
NLRTM,NZAKL,106,2430
OMSLL,NZAKL,7,2080
PABLB,NZAKL,6,4220
PAMIT,NZAKL,1,4290
PKBQM,NZAKL,6,2040
SAJED,NZAKL,14,2090
SGSIN,NZAKL,50,1970
TRAMB,NZAKL,3,2430
TWKHH,NZAKL,8,1990
USCHS,NZAKL,46,4040
USLAX,NZAKL,18,3880
USMIA,NZAKL,3,4210
ZADUR,NZAKL,5,2510
AEJEA,OMSLL,92,650
AUBNE,OMSLL,28,1880
BEANR,OMSLL,43,1220
BEZEE,OMSLL,8,1180
BRSSZ,OMSLL,103,2510
CAMTR,OMSLL,14,2390
CAVAN,OMSLL,7,1580
CNSHA,OMSLL,106,1790
CNTAO,OMSLL,64,2190
CNYTN,OMSLL,93,1290
DEBRV,OMSLL,76,1120
DEHAM,OMSLL,17,1200
EGPSD,OMSLL,48,840
ESALG,OMSLL,8,840
ESBCN,OMSLL,1,810
GBFXT,OMSLL,33,1160
HKHKG,OMSLL,122,1220
INNSA,OMSLL,35,700
ITGIT,OMSLL,74,870
JPYOK,OMSLL,45,2380
KEMBA,OMSLL,7,1240
KRPUS,OMSLL,66,1850
LKCMB,OMSLL,22,690
MAPTM,OMSLL,2,850
MYPKG,OMSLL,6,1080
MYTPP,OMSLL,65,1060
NGAPP,OMSLL,8,1570
NLRTM,OMSLL,100,1120
NZAKL,OMSLL,24,1820
PKBQM,OMSLL,5,830
SAJED,OMSLL,1,2230
SGSIN,OMSLL,7,1040
TRAMB,OMSLL,9,850
TWKHH,OMSLL,8,1080
USCHS,OMSLL,105,1150
USEWR,OMSLL,56,1140
USLAX,OMSLL,3,1480
USMIA,OMSLL,28,1060
UYMVD,OMSLL,9,2520
ZADUR,OMSLL,47,1280
AEJEA,PABLB,1,2870
AUBNE,PABLB,1,2160
CLSAI,PABLB,54,600
CNSHA,PABLB,429,1660
CNTAO,PABLB,150,1440
CNYTN,PABLB,320,1600
DEBRV,PABLB,4,2470
ECGYE,PABLB,25,610
ESALG,PABLB,2,2060
GBFXT,PABLB,1,2340
HKHKG,PABLB,271,1670
INNSA,PABLB,7,2290
JPYOK,PABLB,67,1850
KRPUS,PABLB,272,1450
LKCMB,PABLB,3,2630
MYPKG,PABLB,6,1540
MYTPP,PABLB,137,1500
NLRTM,PABLB,5,2420
NZAKL,PABLB,6,1840
OMSLL,PABLB,3,2930
PAMIT,PABLB,7,720
PKBQM,PABLB,5,2420
SAJED,PABLB,2,2560
TWKHH,PABLB,30,1530
USCHS,PABLB,52,2070
USEWR,PABLB,14,2080
USLAX,PABLB,67,420
USMIA,PABLB,31,1210
ZADUR,PABLB,1,3270
AEJEA,PAMIT,3,3090
AUBNE,PAMIT,22,1730
BEANR,PAMIT,138,2000
BRSSZ,PAMIT,274,880
CLSAI,PAMIT,49,820
CNSHA,PAMIT,311,1540
CNTAO,PAMIT,274,1340
CNYTN,PAMIT,304,1690
DEBRV,PAMIT,22,2020
DEHAM,PAMIT,9,2010
ECGYE,PAMIT,38,1040
EGPSD,PAMIT,4,1130
ESALG,PAMIT,40,920
ESBCN,PAMIT,4,960
GBFXT,PAMIT,22,1720
HKHKG,PAMIT,188,1540
INNSA,PAMIT,22,2020
ITGIT,PAMIT,21,1010
JPYOK,PAMIT,29,1900
KRPUS,PAMIT,107,1340
LKCMB,PAMIT,1,2870
MYPKG,PAMIT,3,2810
MYTPP,PAMIT,62,1400
NGAPP,PAMIT,4,2890
NLRTM,PAMIT,146,1890
NZAKL,PAMIT,56,1570
OMSLL,PAMIT,4,2860
PABLB,PAMIT,25,710
PKBQM,PAMIT,14,1990
SAJED,PAMIT,2,2560
SGSIN,PAMIT,6,1480
TWKHH,PAMIT,66,1420
USCHS,PAMIT,308,1330
USEWR,PAMIT,47,1330
USLAX,PAMIT,114,430
USMIA,PAMIT,197,580
UYMVD,PAMIT,76,870
ZADUR,PAMIT,2,2960
AEJEA,PKBQM,31,460
AUBNE,PKBQM,20,1620
BEANR,PKBQM,19,1440
BEZEE,PKBQM,4,1500
BRSSZ,PKBQM,31,2250
CAMTR,PKBQM,20,2760
CAVAN,PKBQM,20,1910
CNSHA,PKBQM,56,1240
CNTAO,PKBQM,29,1350
CNYTN,PKBQM,57,1260
DEBRV,PKBQM,205,1500
DEHAM,PKBQM,4,1460
EGPSD,PKBQM,41,1400
ESALG,PKBQM,26,1360
ESBCN,PKBQM,9,1350
GBFXT,PKBQM,67,1510
GHTKD,PKBQM,3,2100
HKHKG,PKBQM,109,1260
INNSA,PKBQM,61,410
ITGIT,PKBQM,69,1420
JPYOK,PKBQM,67,2150
KEMBA,PKBQM,6,1170
KRPUS,PKBQM,29,1580
LKCMB,PKBQM,5,390
MAPTM,PKBQM,3,1460
MYPKG,PKBQM,2,1030
MYTPP,PKBQM,73,1060
NGAPP,PKBQM,1,2370
NLRTM,PKBQM,86,1390
NZAKL,PKBQM,8,1700
OMSLL,PKBQM,32,720
SAJED,PKBQM,84,580
SGSIN,PKBQM,7,1030
TRAMB,PKBQM,20,1420
TWKHH,PKBQM,5,1020
USCHS,PKBQM,85,1540
USEWR,PKBQM,74,1640
USLAX,PKBQM,9,1850
USMIA,PKBQM,56,2130
UYMVD,PKBQM,1,2360
ZADUR,PKBQM,12,1220
AEJEA,SAJED,189,690
AUBNE,SAJED,24,1810
BEANR,SAJED,57,1230
BEZEE,SAJED,33,1170
BRSSZ,SAJED,242,2470
CAMTR,SAJED,24,2410
CAVAN,SAJED,41,1640
CLSAI,SAJED,5,2440
CNSHA,SAJED,186,1800
CNTAO,SAJED,113,2230
CNYTN,SAJED,188,1650
DEBRV,SAJED,206,1150
DEHAM,SAJED,10,1190
EGPSD,SAJED,87,810
ESALG,SAJED,54,820
ESBCN,SAJED,6,860
GBFXT,SAJED,54,1150
HKHKG,SAJED,122,1350
INNSA,SAJED,206,660
ITGIT,SAJED,171,850
JPYOK,SAJED,41,2380
KEMBA,SAJED,44,1270
KRPUS,SAJED,83,1850
LKCMB,SAJED,33,660
MAPTM,SAJED,18,800
MYPKG,SAJED,18,1030
MYTPP,SAJED,117,1040
NGAPP,SAJED,16,1690
NLRTM,SAJED,345,1180
NZAKL,SAJED,22,1780
OMSLL,SAJED,41,420
PKBQM,SAJED,50,650
SGSIN,SAJED,6,1010
TRAMB,SAJED,53,840
TWKHH,SAJED,7,1020
USCHS,SAJED,225,1180
USEWR,SAJED,70,1160
USLAX,SAJED,11,1390
USMIA,SAJED,73,980
UYMVD,SAJED,19,2460
ZADUR,SAJED,63,1220
AEJEA,SGSIN,22,300
AOLAD,SGSIN,2,1410
AUBNE,SGSIN,31,1190
BEANR,SGSIN,9,890
BEZEE,SGSIN,5,930
BRSSZ,SGSIN,55,2720
CAVAN,SGSIN,9,1560
CLSAI,SGSIN,7,2940
CNSHA,SGSIN,34,500
CNTAO,SGSIN,49,750
CNYTN,SGSIN,2,400
DEBRV,SGSIN,32,940
DEHAM,SGSIN,12,950
ECGYE,SGSIN,1,3110
EGPSD,SGSIN,1,880
ESALG,SGSIN,14,890
ESBCN,SGSIN,2,850
GBFXT,SGSIN,2,760
GHTKD,SGSIN,48,1650
HKHKG,SGSIN,91,480
INNSA,SGSIN,4,280
ITGIT,SGSIN,15,840
JPYOK,SGSIN,19,1000
KEMBA,SGSIN,1,940
KRPUS,SGSIN,43,780
LKCMB,SGSIN,4,280
MYPKG,SGSIN,1,420
MYTPP,SGSIN,61,420
NGAPP,SGSIN,2,1230
NLRTM,SGSIN,170,820
NZAKL,SGSIN,37,1100
OMSLL,SGSIN,42,730
PABLB,SGSIN,1,1950
PAMIT,SGSIN,4,1880
SAJED,SGSIN,45,590
TRAMB,SGSIN,1,920
TWKHH,SGSIN,34,410
USCHS,SGSIN,13,1710
USEWR,SGSIN,4,1630
USLAX,SGSIN,29,1350
USMIA,SGSIN,2,1590
UYMVD,SGSIN,12,2730
ZADUR,SGSIN,37,850
AEJEA,TRAMB,38,1500
AUBNE,TRAMB,2,3390
BEANR,TRAMB,160,800
BEZEE,TRAMB,3,800
BRSSZ,TRAMB,45,1820
CAMTR,TRAMB,7,1980
CLSAI,TRAMB,1,2090
CNSHA,TRAMB,277,2790
CNTAO,TRAMB,62,3420
CNYTN,TRAMB,127,2800
DEBRV,TRAMB,286,820
DEHAM,TRAMB,3,820
EGPSD,TRAMB,1,400
ESALG,TRAMB,10,390
ESBCN,TRAMB,3,730
GBFXT,TRAMB,20,850
HKHKG,TRAMB,121,2730
INNSA,TRAMB,30,2050
ITGIT,TRAMB,32,400
JPYOK,TRAMB,241,3520
KEMBA,TRAMB,2,2040
KRPUS,TRAMB,89,3380
LKCMB,TRAMB,27,2060
MYPKG,TRAMB,19,2660
MYTPP,TRAMB,149,2670
NGAPP,TRAMB,2,2210
NLRTM,TRAMB,61,840
NZAKL,TRAMB,8,3520
OMSLL,TRAMB,32,1090
PKBQM,TRAMB,19,2150
SAJED,TRAMB,38,1030
SGSIN,TRAMB,4,2670
TWKHH,TRAMB,106,2630
USCHS,TRAMB,50,1630
USEWR,TRAMB,31,1680
USLAX,TRAMB,4,2510
USMIA,TRAMB,22,1900
UYMVD,TRAMB,1,1880
ZADUR,TRAMB,19,2100
AEJEA,TWKHH,3,320
AOLAD,TWKHH,1,1440
AUBNE,TWKHH,47,1040
BRSSZ,TWKHH,6,2530
CAVAN,TWKHH,34,1440
CLSAI,TWKHH,17,2920
CNSHA,TWKHH,2,2470
CNYTN,TWKHH,101,590
DEBRV,TWKHH,134,900
DEHAM,TWKHH,26,940
ECGYE,TWKHH,25,2950
ESALG,TWKHH,25,880
GBFXT,TWKHH,11,760
GHTKD,TWKHH,17,1390
HKHKG,TWKHH,27,540
ITGIT,TWKHH,31,890
JPYOK,TWKHH,20,960
KEMBA,TWKHH,1,930
KRPUS,TWKHH,10,840
LKCMB,TWKHH,7,270
MYTPP,TWKHH,175,410
NGAPP,TWKHH,25,1510
NLRTM,TWKHH,148,790
NZAKL,TWKHH,28,1110
OMSLL,TWKHH,2,610
PABLB,TWKHH,34,1420
PAMIT,TWKHH,101,1390
SAJED,TWKHH,1,600
SGSIN,TWKHH,32,420
TRAMB,TWKHH,1,910
USCHS,TWKHH,46,1760
USEWR,TWKHH,32,1640
USLAX,TWKHH,233,1370
USMIA,TWKHH,3,1540
UYMVD,TWKHH,11,2560
ZADUR,TWKHH,43,840
AEJEA,USCHS,80,2300
AUBNE,USCHS,98,2460
BEANR,USCHS,10,1720
CLSAI,USCHS,57,1670
CNSHA,USCHS,255,2270
CNTAO,USCHS,158,2190
CNYTN,USCHS,409,2280
DEBRV,USCHS,293,1800
DEHAM,USCHS,1,1790
ECGYE,USCHS,17,1960
EGPSD,USCHS,80,1540
ESALG,USCHS,59,1540
ESBCN,USCHS,4,1570
GBFXT,USCHS,64,1450
GHTKD,USCHS,1,2440
HKHKG,USCHS,146,2230
INNSA,USCHS,284,2290
ITGIT,USCHS,201,1500
JPYOK,USCHS,19,3040
KEMBA,USCHS,14,2340
KRPUS,USCHS,24,2250
LKCMB,USCHS,300,2290
MAPTM,USCHS,1,1630
MYPKG,USCHS,14,2160
MYTPP,USCHS,264,2170
NGAPP,USCHS,17,2230
NLRTM,USCHS,354,1710
NZAKL,USCHS,123,2550
OMSLL,USCHS,40,1890
PABLB,USCHS,12,1940
PAMIT,USCHS,231,1310
PKBQM,USCHS,187,2170
SAJED,USCHS,29,2010
SGSIN,USCHS,5,2220
TRAMB,USCHS,18,1560
TWKHH,USCHS,56,2190
ZADUR,USCHS,150,2450
AEJEA,USEWR,54,2350
AOLAD,USEWR,1,2130
AUBNE,USEWR,9,2540
BEANR,USEWR,49,1760
CLSAI,USEWR,75,1710
CNSHA,USEWR,265,2330
CNTAO,USEWR,124,2250
CNYTN,USEWR,421,2340
DEBRV,USEWR,202,1840
ECGYE,USEWR,90,1690
EGPSD,USEWR,45,1520
ESALG,USEWR,86,1470
GBFXT,USEWR,48,1490
GHTKD,USEWR,9,2370
HKHKG,USEWR,211,2300
INNSA,USEWR,218,2350
ITGIT,USEWR,318,1540
JPYOK,USEWR,6,2880
KEMBA,USEWR,22,2400
KRPUS,USEWR,7,2130
LKCMB,USEWR,194,2180
MAPTM,USEWR,2,1520
MYPKG,USEWR,3,2210
MYTPP,USEWR,165,2220
NGAPP,USEWR,61,2040
NLRTM,USEWR,213,1750
NZAKL,USEWR,12,2370
OMSLL,USEWR,19,1940
PABLB,USEWR,17,1790
PAMIT,USEWR,1,1500
PKBQM,USEWR,141,2230
SAJED,USEWR,54,1880
SGSIN,USEWR,11,2270
TRAMB,USEWR,21,1500
TWKHH,USEWR,41,2240
ZADUR,USEWR,193,2470
AEJEA,USLAX,11,2060
AUBNE,USLAX,51,1640
BEANR,USLAX,12,2190
BRSSZ,USLAX,3,3150
CLSAI,USLAX,50,830
CNSHA,USLAX,1.206,1610
CNTAO,USLAX,668,1330
CNYTN,USLAX,1.865,1620
DEBRV,USLAX,62,2180
ECGYE,USLAX,78,800
EGPSD,USLAX,2,2360
GBFXT,USLAX,35,1900
HKHKG,USLAX,924,1590
INNSA,USLAX,51,1940
ITGIT,USLAX,7,2430
JPYOK,USLAX,473,1900
KEMBA,USLAX,2,2930
KRPUS,USLAX,421,1420
LKCMB,USLAX,64,1940
MYPKG,USLAX,77,1540
MYTPP,USLAX,991,1400
NLRTM,USLAX,71,2010
NZAKL,USLAX,55,1790
OMSLL,USLAX,1,2350
PABLB,USLAX,63,420
PAMIT,USLAX,46,400
PKBQM,USLAX,10,2030
SAJED,USLAX,4,2520
SGSIN,USLAX,34,1430
TWKHH,USLAX,162,1440
ZADUR,USLAX,3,2830
AEJEA,USMIA,33,2910
AUBNE,USMIA,9,3240
BEANR,USMIA,19,1940
CLSAI,USMIA,41,850
CNSHA,USMIA,61,3010
CNTAO,USMIA,109,2780
CNYTN,USMIA,107,2900
DEBRV,USMIA,166,1790
ECGYE,USMIA,15,820
EGPSD,USMIA,34,790
ESALG,USMIA,68,840
ESBCN,USMIA,4,980
GBFXT,USMIA,55,1550
HKHKG,USMIA,100,2880
INNSA,USMIA,84,2660
ITGIT,USMIA,126,950
JPYOK,USMIA,4,2820
KRPUS,USMIA,13,2690
LKCMB,USMIA,47,2730
MYPKG,USMIA,3,2660
MYTPP,USMIA,100,2680
NGAPP,USMIA,9,2520
NLRTM,USMIA,207,1830
NZAKL,USMIA,5,3200
OMSLL,USMIA,2,2760
PABLB,USMIA,3,980
PAMIT,USMIA,116,560
PKBQM,USMIA,28,2790
SAJED,USMIA,3,2690
SGSIN,USMIA,2,2730
TRAMB,USMIA,9,770
TWKHH,USMIA,18,2760
AEJEA,UYMVD,14,2720
AUBNE,UYMVD,2,3630
BEANR,UYMVD,27,1760
BEZEE,UYMVD,5,1700
CNSHA,UYMVD,120,3970
CNTAO,UYMVD,11,3620
CNYTN,UYMVD,62,4040
DEBRV,UYMVD,21,1840
DEHAM,UYMVD,13,1770
ESALG,UYMVD,23,1970
ESBCN,UYMVD,1,1920
GBFXT,UYMVD,9,2190
HKHKG,UYMVD,68,3990
INNSA,UYMVD,17,2720
ITGIT,UYMVD,19,1910
JPYOK,UYMVD,45,3610
KRPUS,UYMVD,21,3900
LKCMB,UYMVD,7,2700
MYPKG,UYMVD,1,4180
MYTPP,UYMVD,30,4030
NGAPP,UYMVD,1,3390
NLRTM,UYMVD,21,1700
PAMIT,UYMVD,3,2310
PKBQM,UYMVD,2,2780
SAJED,UYMVD,6,1880
SGSIN,UYMVD,2,4160
TRAMB,UYMVD,4,1950
TWKHH,UYMVD,13,3950
AEJEA,ZADUR,184,1590
AUBNE,ZADUR,20,2470
BEANR,ZADUR,159,2460
BEZEE,ZADUR,21,2430
BRSSZ,ZADUR,202,2360
CAMTR,ZADUR,6,3680
CAVAN,ZADUR,2,3730
CLSAI,ZADUR,1,4180
CNSHA,ZADUR,493,2630
CNTAO,ZADUR,264,2480
CNYTN,ZADUR,251,1890
DEBRV,ZADUR,493,2470
DEHAM,ZADUR,2,2340
ECGYE,ZADUR,1,4550
EGPSD,ZADUR,63,2330
ESALG,ZADUR,79,2380
ESBCN,ZADUR,22,2370
GBFXT,ZADUR,88,2460
GHTKD,ZADUR,4,2060
HKHKG,ZADUR,507,1960
INNSA,ZADUR,309,1550
ITGIT,ZADUR,103,2480
JPYOK,ZADUR,227,3590
KEMBA,ZADUR,29,410
KRPUS,ZADUR,215,2210
LKCMB,ZADUR,61,1640
MAPTM,ZADUR,1,2470
MYPKG,ZADUR,35,1800
MYTPP,ZADUR,422,1720
NGAPP,ZADUR,2,1770
NLRTM,ZADUR,250,2470
NZAKL,ZADUR,5,2250
OMSLL,ZADUR,17,1280
PABLB,ZADUR,2,3980
PAMIT,ZADUR,2,3380
PKBQM,ZADUR,64,1640
SAJED,ZADUR,38,1280
SGSIN,ZADUR,63,1760
TRAMB,ZADUR,24,2360
TWKHH,ZADUR,49,1810
USCHS,ZADUR,269,3350
USEWR,ZADUR,84,3450
USLAX,ZADUR,15,3720
USMIA,ZADUR,10,3580
UYMVD,ZADUR,37,2300